repository_name,date,clones,unique_visitors/cloners
academic-ads-bibtex,2023-05-03,1,1
astrochun,2023-05-02,1,1
containeraction,2023-05-03,1,1
d3js-learning,2023-05-03,1,1
DarkData_Inventory,2023-05-03,1,1
DevOps_guide,2023-05-04,1,1
Evolution-of-Galaxies,2023-05-03,1,1
Extract1D,2023-05-05,1,1
figshare_actions,2023-05-04,1,1
github-stats,2023-05-03,4,3
github-stats,2023-05-04,4,3
github-stats,2023-05-05,4,3
github-stats,2023-05-06,4,3
github-stats,2023-05-07,4,3
github-stats,2023-05-08,4,3
github-stats,2023-05-09,5,3
github-stats,2023-05-10,4,3
github-stats,2023-05-11,4,3
github-stats,2023-05-12,4,3
github-stats,2023-05-13,4,3
github-stats,2023-05-14,4,3
github-stats,2023-05-15,6,4
github-stats-pages,2023-05-02,1,1
github-stats-pages,2023-05-05,2,2
github-stats-pages,2023-05-06,1,1
github-stats-pages,2023-05-12,1,1
github-stats-pages,2023-05-14,1,1
manifests_with_flux,2023-05-02,1,1
manifests_with_flux,2023-05-03,1,1
Metallicity_Stack_Commons,2023-05-03,1,1
MyExpressApp,2023-05-04,1,1
MZEnv,2023-05-02,1,1
MZEvolve,2023-05-11,1,1
