Evolution-of-Galaxies,github.com,2,2
GNIRSLongSlit,Google,1,1
GNIRSLongSlit,astrochun.github.io,1,1
GNIRSLongSlit,github.com,1,1
IntroPythonAstronomy,github.com,1,1
MMTtools,astrochun.github.io,1,1
MMTtools,bitbucket.org,1,1
MMTtools,github.com,2,1
MMTtools,img.shields.io,1,1
MZEnv,github.com,1,1
MZEvolve,github.com,1,1
Metallicity_Stack_Commons,Google,1,1
Metallicity_Stack_Commons,astrochun.github.io,1,1
Metallicity_Stack_Commons,github.com,13,3
Metallicity_Stack_Commons,metallicity-stack-commons.readthedocs.io,2,1
PeakFlows,github.com,1,1
PyEmLineFit,github.com,1,1
PyMontage,Google,2,1
Zcalbase_gal,github.com,7,2
academic-ads-bibtex,academic-ads-bibtex.readthedocs.io,1,1
academic-ads-bibtex,github.com,3,2
astrochun,github.com,1,1
astrochun.github.io,github.com,1,1
chun_codes,github.com,1,1
containeraction,github.com,4,1
figshare-actions-publish-test,github.com,2,1
figshare_actions2,github.com,1,1
figshare_autosync_check,github.com,2,1
figshare_autosync_check_queue,github.com,1,1
github-stats,gather.town,1,1
github-stats,github.com,1,1
github-stats-pages,Google,1,1
github-stats-pages,astrochun.github.io,1,1
github-stats-pages,gather.town,1,1
github-stats-pages,github.com,1,1
github-stats-pages,pypi.org,1,1
github-stats-pages,ual-odis.github.io,1,1
github-stats-pages,yandex.ru,1,1
old_website_nightsky,github.com,1,1
simplenodeapp,github.com,1,1
site-hugo-academic,Google,1,1
site-hugo-academic,github.com,1,1
test-github-stats,github.com,1,1
test-stats,github.com,1,1
uarizona-salary-app,Google,1,1
uarizona-salary-app,dashboard.heroku.com,4,1
uarizona-salary-app,github-help-wanted.com,1,1
uarizona-salary-app,github.com,1,1
uarizona-salary-app,m.facebook.com,3,3
uarizona-salary-app,sapp4ua.herokuapp.com,13,7
uarizona-salary-app,t.co,40,31
voxcharta-my-voting-record,DuckDuckGo,1,1
voxcharta-my-voting-record,Google,1,1
voxcharta-my-voting-record,bath.voxcharta.org,1,1
voxcharta-my-voting-record,cefca.voxcharta.org,1,1
voxcharta-my-voting-record,chicago-kicp.voxcharta.org,1,1
voxcharta-my-voting-record,cos.voxcharta.org,1,1
voxcharta-my-voting-record,dawn-cph.voxcharta.org,1,1
voxcharta-my-voting-record,general-cu.voxcharta.org,1,1
voxcharta-my-voting-record,github.com,1,1
voxcharta-my-voting-record,harvard.voxcharta.org,10,8
voxcharta-my-voting-record,ialp-fcaglp.voxcharta.org,1,1
voxcharta-my-voting-record,ikp-cosmic.voxcharta.org,1,1
voxcharta-my-voting-record,lastro.voxcharta.org,1,1
voxcharta-my-voting-record,mmcosmo-inaoe.voxcharta.org,1,1
voxcharta-my-voting-record,mpia-mw.voxcharta.org,1,1
voxcharta-my-voting-record,oats.voxcharta.org,1,1
voxcharta-my-voting-record,pmo.voxcharta.org,1,1
voxcharta-my-voting-record,somsubhra.github.io,2,1
voxcharta-my-voting-record,uconn-astronomy.voxcharta.org,1,1
voxcharta-my-voting-record,ufrgs-xgal.voxcharta.org,1,1
voxcharta-my-voting-record,uiuc-quasars.voxcharta.org,1,1
