2018-09-01-steward,2021-03-12,1,1
2018-09-01-steward,2021-03-16,1,1
2018-09-01-steward,2021-04-28,1,1
2018-09-01-steward,2021-05-21,1,1
2018-09-01-steward,2021-05-23,1,1
2018-09-01-steward,2021-05-28,1,1
DarkData_Inventory,2021-03-15,1,1
DarkData_Inventory,2021-03-20,1,1
DarkData_Inventory,2021-05-18,1,1
DarkData_Inventory,2021-07-22,1,1
DevOps_guide,2021-03-14,1,1
DevOps_guide,2021-06-04,1,1
DevOps_guide,2021-06-27,1,1
DevOps_guide,2021-07-19,1,1
Evolution-of-Galaxies,2021-02-24,4,4
Evolution-of-Galaxies,2021-02-25,1,1
Evolution-of-Galaxies,2021-02-26,1,1
Evolution-of-Galaxies,2021-03-03,2,2
Evolution-of-Galaxies,2021-03-07,1,1
Evolution-of-Galaxies,2021-03-17,1,1
Evolution-of-Galaxies,2021-03-19,1,1
Evolution-of-Galaxies,2021-03-30,1,1
Evolution-of-Galaxies,2021-04-09,1,1
Evolution-of-Galaxies,2021-04-15,1,1
Evolution-of-Galaxies,2021-04-22,3,3
Evolution-of-Galaxies,2021-04-28,5,5
Evolution-of-Galaxies,2021-04-29,2,2
Evolution-of-Galaxies,2021-05-03,10,9
Evolution-of-Galaxies,2021-05-04,11,10
Evolution-of-Galaxies,2021-05-05,2,2
Evolution-of-Galaxies,2021-05-11,2,2
Evolution-of-Galaxies,2021-05-14,1,1
Evolution-of-Galaxies,2021-05-16,1,1
Evolution-of-Galaxies,2021-05-17,1,1
Evolution-of-Galaxies,2021-05-18,1,1
Evolution-of-Galaxies,2021-06-02,1,1
Evolution-of-Galaxies,2021-06-19,1,1
Evolution-of-Galaxies,2021-06-20,1,1
Evolution-of-Galaxies,2021-07-15,1,1
Evolution-of-Galaxies,2021-07-26,1,1
Evolution-of-Galaxies,2021-08-26,1,1
Extract1D,2021-03-14,1,1
Extract1D,2021-04-28,1,1
Extract1D,2021-05-12,1,1
Extract1D,2021-06-06,1,1
GNIRSLongSlit,2021-03-14,1,1
GNIRSLongSlit,2021-05-10,1,1
GNIRSLongSlit,2021-05-29,1,1
GNIRSLongSlit,2021-06-14,1,1
GNIRSLongSlit,2021-07-08,1,1
GNIRSLongSlit,2021-08-02,1,1
IntroPythonAstronomy,2021-03-12,1,1
IntroPythonAstronomy,2021-05-18,1,1
IntroPythonAstronomy,2021-07-07,1,1
IntroPythonAstronomy,2021-07-13,1,1
MMTtools,2021-02-18,1,1
MMTtools,2021-02-21,1,1
MMTtools,2021-03-01,3,3
MMTtools,2021-03-02,1,1
MMTtools,2021-03-13,1,1
MMTtools,2021-03-25,1,1
MMTtools,2021-04-03,1,1
MMTtools,2021-05-08,1,1
MMTtools,2021-05-24,1,1
MMTtools,2021-06-02,1,1
MMTtools,2021-06-04,1,1
MMTtools,2021-06-20,1,1
MMTtools,2021-06-27,1,1
MMTtools,2021-07-04,1,1
MMTtools,2021-07-07,1,1
MMTtools,2021-07-29,1,1
MMTtools,2021-08-01,1,1
MMTtools,2021-08-02,1,1
MZEnv,2021-05-08,1,1
MZEnv,2021-06-03,1,1
MZEnv,2021-07-19,1,1
MZEnv,2021-08-16,1,1
MZEvolve,2021-05-05,1,1
MZEvolve,2021-05-26,1,1
MZEvolve,2021-07-09,1,1
MZEvolve,2021-07-10,2,2
MZEvolve,2021-07-21,1,1
MZEvolve,2021-08-12,1,1
Metallicity_Stack_Commons,2021-01-09,1,1
Metallicity_Stack_Commons,2021-01-16,22,9
Metallicity_Stack_Commons,2021-01-17,1,1
Metallicity_Stack_Commons,2021-02-07,125,10
Metallicity_Stack_Commons,2021-02-09,120,13
Metallicity_Stack_Commons,2021-02-10,7,2
Metallicity_Stack_Commons,2021-02-12,30,8
Metallicity_Stack_Commons,2021-02-13,40,11
Metallicity_Stack_Commons,2021-02-16,1,1
Metallicity_Stack_Commons,2021-02-23,19,8
Metallicity_Stack_Commons,2021-03-06,1,1
Metallicity_Stack_Commons,2021-03-12,20,9
Metallicity_Stack_Commons,2021-03-13,1,1
Metallicity_Stack_Commons,2021-03-24,1,1
Metallicity_Stack_Commons,2021-03-29,1,1
Metallicity_Stack_Commons,2021-04-06,8,3
Metallicity_Stack_Commons,2021-04-08,16,7
Metallicity_Stack_Commons,2021-04-10,1,1
Metallicity_Stack_Commons,2021-04-11,1,1
Metallicity_Stack_Commons,2021-04-21,8,3
Metallicity_Stack_Commons,2021-04-25,7,2
Metallicity_Stack_Commons,2021-04-26,10,5
Metallicity_Stack_Commons,2021-04-27,53,15
Metallicity_Stack_Commons,2021-04-30,28,10
Metallicity_Stack_Commons,2021-05-11,74,18
Metallicity_Stack_Commons,2021-05-13,1,1
Metallicity_Stack_Commons,2021-05-18,17,5
Metallicity_Stack_Commons,2021-05-29,17,7
Metallicity_Stack_Commons,2021-06-02,1,1
Metallicity_Stack_Commons,2021-06-04,1,1
Metallicity_Stack_Commons,2021-06-05,1,1
Metallicity_Stack_Commons,2021-06-09,8,3
Metallicity_Stack_Commons,2021-06-11,6,1
Metallicity_Stack_Commons,2021-06-20,7,2
Metallicity_Stack_Commons,2021-06-22,17,7
Metallicity_Stack_Commons,2021-06-24,1,1
Metallicity_Stack_Commons,2021-07-01,1,1
Metallicity_Stack_Commons,2021-08-27,1,1
MyExpressApp,2021-05-21,1,1
MyExpressApp,2021-07-17,1,1
PeakFlows,2021-05-23,1,1
PeakFlows,2021-06-09,1,1
PeakFlows,2021-07-23,1,1
PyEmLineFit,2021-05-06,1,1
PyEmLineFit,2021-05-21,1,1
PyEmLineFit,2021-05-29,1,1
PyEmLineFit,2021-08-01,1,1
PyMontage,2021-05-02,1,1
PyMontage,2021-06-02,1,1
PyMontage,2021-07-13,1,1
PyMontage,2021-07-30,1,1
PyMontage,2021-08-10,1,1
Telluric_Flux,2021-05-14,1,1
Telluric_Flux,2021-05-27,1,1
Telluric_Flux,2021-07-22,1,1
Zcalbase,2021-04-25,1,1
Zcalbase,2021-05-21,1,1
Zcalbase,2021-07-11,1,1
Zcalbase,2021-07-20,1,1
Zcalbase,2021-07-31,1,1
Zcalbase_gal,2021-02-07,19,11
Zcalbase_gal,2021-02-08,1,1
Zcalbase_gal,2021-02-10,5,5
Zcalbase_gal,2021-02-14,3,1
Zcalbase_gal,2021-02-16,9,6
Zcalbase_gal,2021-02-17,7,5
Zcalbase_gal,2021-02-19,9,6
Zcalbase_gal,2021-02-23,3,3
Zcalbase_gal,2021-02-24,1,1
Zcalbase_gal,2021-02-25,8,7
Zcalbase_gal,2021-02-26,5,5
Zcalbase_gal,2021-03-06,1,1
Zcalbase_gal,2021-03-07,1,1
Zcalbase_gal,2021-03-09,5,3
Zcalbase_gal,2021-03-13,1,1
Zcalbase_gal,2021-03-16,1,1
Zcalbase_gal,2021-03-17,5,4
Zcalbase_gal,2021-03-19,1,1
Zcalbase_gal,2021-03-22,2,2
Zcalbase_gal,2021-03-27,1,1
Zcalbase_gal,2021-04-06,6,5
Zcalbase_gal,2021-04-07,2,1
Zcalbase_gal,2021-04-11,2,2
Zcalbase_gal,2021-04-14,3,3
Zcalbase_gal,2021-04-15,2,2
Zcalbase_gal,2021-04-18,1,1
Zcalbase_gal,2021-04-19,2,1
Zcalbase_gal,2021-04-21,1,1
Zcalbase_gal,2021-04-26,1,1
Zcalbase_gal,2021-05-01,5,5
Zcalbase_gal,2021-05-03,2,2
Zcalbase_gal,2021-05-05,1,1
Zcalbase_gal,2021-05-06,2,2
Zcalbase_gal,2021-05-11,2,2
Zcalbase_gal,2021-05-12,9,6
Zcalbase_gal,2021-05-13,1,1
Zcalbase_gal,2021-05-14,3,3
Zcalbase_gal,2021-05-16,6,6
Zcalbase_gal,2021-05-19,6,6
Zcalbase_gal,2021-05-22,1,1
Zcalbase_gal,2021-05-25,3,3
Zcalbase_gal,2021-05-30,1,1
Zcalbase_gal,2021-06-08,2,2
Zcalbase_gal,2021-06-09,5,5
Zcalbase_gal,2021-06-11,1,1
Zcalbase_gal,2021-06-20,1,1
Zcalbase_gal,2021-06-23,3,3
Zcalbase_gal,2021-06-30,1,1
Zcalbase_gal,2021-07-01,2,2
Zcalbase_gal,2021-07-06,2,2
Zcalbase_gal,2021-07-07,3,3
Zcalbase_gal,2021-07-20,3,3
Zcalbase_gal,2021-07-21,2,2
Zcalbase_gal,2021-07-29,6,6
Zcalbase_gal,2021-07-31,1,1
Zcalbase_gal,2021-08-01,1,1
Zcalbase_gal,2021-08-05,1,1
Zcalbase_gal,2021-08-08,1,1
Zcalbase_gal,2021-08-12,1,1
Zcalbase_gal,2021-08-26,1,1
academic-ads-bibtex,2021-01-06,5,4
academic-ads-bibtex,2021-01-09,1,1
academic-ads-bibtex,2021-01-11,1,1
academic-ads-bibtex,2021-02-10,1,1
academic-ads-bibtex,2021-02-13,1,1
academic-ads-bibtex,2021-02-19,24,12
academic-ads-bibtex,2021-02-27,1,1
academic-ads-bibtex,2021-02-28,1,1
academic-ads-bibtex,2021-03-01,1,1
academic-ads-bibtex,2021-03-16,1,1
academic-ads-bibtex,2021-03-27,1,1
academic-ads-bibtex,2021-04-28,1,1
academic-ads-bibtex,2021-05-09,1,1
academic-ads-bibtex,2021-05-19,1,1
academic-ads-bibtex,2021-06-05,1,1
academic-ads-bibtex,2021-06-20,1,1
academic-ads-bibtex,2021-07-07,1,1
academic-ads-bibtex,2021-07-22,1,1
academic-ads-bibtex,2021-08-04,1,1
academic-ads-bibtex,2021-08-24,1,1
academic-ads-bibtex,2021-08-25,1,1
academic-ads-bibtex,2021-08-28,1,1
astrochun,2021-02-21,1,1
astrochun,2021-04-14,1,1
astrochun,2021-04-18,1,1
astrochun,2021-04-28,1,1
astrochun,2021-05-16,1,1
astrochun,2021-06-03,1,1
astrochun,2021-06-05,1,1
astrochun,2021-06-20,1,1
astrochun,2021-07-02,1,1
astrochun,2021-07-19,1,1
astrochun,2021-08-29,1,1
astrochun.github.io,2021-02-23,1,1
astrochun.github.io,2021-03-25,2,2
astrochun.github.io,2021-03-26,1,1
astrochun.github.io,2021-03-27,1,1
astrochun.github.io,2021-04-02,3,3
astrochun.github.io,2021-04-12,1,1
astrochun.github.io,2021-04-28,1,1
astrochun.github.io,2021-05-02,4,4
astrochun.github.io,2021-05-11,1,1
astrochun.github.io,2021-05-31,1,1
astrochun.github.io,2021-06-05,1,1
astrochun.github.io,2021-06-12,1,1
astrochun.github.io,2021-06-14,3,3
astrochun.github.io,2021-06-15,1,1
astrochun.github.io,2021-06-17,1,1
astrochun.github.io,2021-06-20,2,2
astrochun.github.io,2021-06-26,1,1
astrochun.github.io,2021-07-07,3,3
astrochun.github.io,2021-07-09,1,1
astrochun.github.io,2021-07-11,4,4
astrochun.github.io,2021-07-12,5,4
astrochun.github.io,2021-07-16,1,1
astrochun.github.io,2021-07-21,1,1
astrochun.github.io,2021-08-03,2,2
astrochun.github.io,2021-08-06,2,2
astrochun.github.io,2021-08-28,4,4
astrochun.github.io,2021-08-29,10,10
chun_codes,2021-01-09,1,1
chun_codes,2021-01-10,1,1
chun_codes,2021-01-16,12,1
chun_codes,2021-01-18,1,1
chun_codes,2021-02-07,98,1
chun_codes,2021-02-09,96,1
chun_codes,2021-02-10,2,1
chun_codes,2021-02-12,59,15
chun_codes,2021-02-22,1,1
chun_codes,2021-03-02,1,1
chun_codes,2021-03-12,3,2
chun_codes,2021-04-28,1,1
chun_codes,2021-05-09,1,1
chun_codes,2021-05-17,1,1
chun_codes,2021-05-24,1,1
chun_codes,2021-06-05,1,1
chun_codes,2021-07-09,1,1
chun_codes,2021-07-23,1,1
chun_codes,2021-07-31,1,1
closed-discussion-message,2021-08-28,6,5
containeraction,2021-04-28,1,1
containeraction,2021-05-21,1,1
containeraction,2021-07-15,1,1
figshare-actions-publish-test,2021-06-10,12,7
figshare-actions-publish-test,2021-06-11,1,1
figshare-actions-publish-test,2021-06-18,1,1
figshare-actions-publish-test,2021-06-20,1,1
figshare-actions-publish-test,2021-06-21,30,13
figshare-actions-publish-test,2021-06-25,12,8
figshare-actions-publish-test,2021-06-27,1,1
figshare-actions-publish-test,2021-07-01,1,1
figshare-actions-publish-test,2021-07-29,1,1
figshare_actions,2021-02-27,1,1
figshare_actions,2021-03-22,1,1
figshare_actions,2021-05-27,1,1
figshare_actions,2021-07-17,1,1
figshare_actions2,2021-03-03,1,1
figshare_actions2,2021-03-27,1,1
figshare_actions2,2021-04-28,1,1
figshare_actions2,2021-05-27,1,1
figshare_actions2,2021-06-05,1,1
figshare_actions2,2021-07-22,1,1
figshare_autosync_check,2021-03-13,1,1
figshare_autosync_check,2021-04-28,1,1
figshare_autosync_check,2021-05-22,1,1
figshare_autosync_check,2021-07-17,1,1
figshare_autosync_check,2021-07-27,1,1
figshare_autosync_check_queue,2021-02-24,1,1
figshare_autosync_check_queue,2021-04-28,1,1
figshare_autosync_check_queue,2021-05-18,3,3
figshare_autosync_check_queue,2021-05-21,1,1
figshare_autosync_check_queue,2021-06-01,1,1
figshare_autosync_check_queue,2021-06-02,1,1
figshare_autosync_check_queue,2021-06-07,7,6
figshare_autosync_check_queue,2021-06-08,1,1
figshare_autosync_check_queue,2021-06-10,4,3
figshare_autosync_check_queue,2021-06-11,1,1
figshare_autosync_check_queue,2021-06-18,1,1
figshare_autosync_check_queue,2021-06-20,1,1
figshare_autosync_check_queue,2021-07-21,1,1
figshare_autosync_check_queue,2021-07-27,1,1
figshare_autosync_check_queue,2021-07-29,1,1
figshare_test,2021-02-19,1,1
figshare_test,2021-03-06,1,1
figshare_test,2021-06-01,1,1
figshare_test,2021-06-09,1,1
figshare_test,2021-07-15,1,1
figshare_test2,2021-03-06,1,1
figshare_test2,2021-03-08,1,1
figshare_test2,2021-06-02,1,1
figshare_test2,2021-07-09,1,1
figshare_test2,2021-07-17,1,1
github-stats,2021-03-31,1,1
github-stats,2021-04-04,2,2
github-stats,2021-04-05,2,2
github-stats,2021-04-06,2,2
github-stats,2021-04-07,6,5
github-stats,2021-04-08,3,3
github-stats,2021-04-09,2,2
github-stats,2021-04-10,5,5
github-stats,2021-04-11,4,4
github-stats,2021-04-12,3,3
github-stats,2021-04-13,5,4
github-stats,2021-04-14,6,6
github-stats,2021-04-15,5,5
github-stats,2021-04-16,4,4
github-stats,2021-04-17,3,3
github-stats,2021-04-18,2,2
github-stats,2021-04-19,2,2
github-stats,2021-04-20,3,3
github-stats,2021-04-21,3,3
github-stats,2021-04-22,3,3
github-stats,2021-04-23,5,4
github-stats,2021-04-24,2,2
github-stats,2021-04-25,2,2
github-stats,2021-04-26,3,3
github-stats,2021-04-27,3,3
github-stats,2021-04-28,4,4
github-stats,2021-04-29,4,4
github-stats,2021-04-30,4,4
github-stats,2021-05-01,5,5
github-stats,2021-05-02,4,4
github-stats,2021-05-03,5,5
github-stats,2021-05-04,3,3
github-stats,2021-05-05,3,3
github-stats,2021-05-06,4,4
github-stats,2021-05-07,3,3
github-stats,2021-05-08,3,3
github-stats,2021-05-09,3,3
github-stats,2021-05-10,3,3
github-stats,2021-05-11,3,3
github-stats,2021-05-12,3,3
github-stats,2021-05-13,9,6
github-stats,2021-05-14,2,2
github-stats,2021-05-15,4,4
github-stats,2021-05-16,3,3
github-stats,2021-05-17,3,3
github-stats,2021-05-18,3,3
github-stats,2021-05-19,4,4
github-stats,2021-05-20,2,2
github-stats,2021-05-21,4,4
github-stats,2021-05-22,4,4
github-stats,2021-05-23,3,3
github-stats,2021-05-24,3,3
github-stats,2021-05-25,3,3
github-stats,2021-05-26,2,2
github-stats,2021-05-27,2,2
github-stats,2021-05-28,2,2
github-stats,2021-05-29,2,2
github-stats,2021-05-30,2,2
github-stats,2021-05-31,2,2
github-stats,2021-06-01,2,2
github-stats,2021-06-02,2,2
github-stats,2021-06-03,2,2
github-stats,2021-06-04,3,3
github-stats,2021-06-05,3,3
github-stats,2021-06-06,2,2
github-stats,2021-06-07,2,2
github-stats,2021-06-08,2,2
github-stats,2021-06-09,3,3
github-stats,2021-06-10,2,2
github-stats,2021-06-11,3,3
github-stats,2021-06-12,3,3
github-stats,2021-06-13,2,2
github-stats,2021-06-14,2,2
github-stats,2021-06-15,3,3
github-stats,2021-06-16,2,2
github-stats,2021-06-17,3,3
github-stats,2021-06-18,2,2
github-stats,2021-06-19,3,3
github-stats,2021-06-20,4,4
github-stats,2021-06-21,2,2
github-stats,2021-06-22,5,5
github-stats,2021-06-23,3,3
github-stats,2021-06-24,2,2
github-stats,2021-06-25,2,2
github-stats,2021-06-26,3,3
github-stats,2021-06-27,2,2
github-stats,2021-06-28,3,3
github-stats,2021-06-29,3,3
github-stats,2021-06-30,2,2
github-stats,2021-07-01,3,3
github-stats,2021-07-02,3,3
github-stats,2021-07-03,3,3
github-stats,2021-07-04,2,2
github-stats,2021-07-05,3,3
github-stats,2021-07-06,2,2
github-stats,2021-07-07,2,2
github-stats,2021-07-08,2,2
github-stats,2021-07-09,2,2
github-stats,2021-07-10,3,3
github-stats,2021-07-11,3,3
github-stats,2021-07-12,2,2
github-stats,2021-07-13,2,2
github-stats,2021-07-14,2,2
github-stats,2021-07-15,2,2
github-stats,2021-07-16,2,2
github-stats,2021-07-17,2,2
github-stats,2021-07-18,3,3
github-stats,2021-07-19,2,2
github-stats,2021-07-20,2,2
github-stats,2021-07-21,3,3
github-stats,2021-07-22,3,3
github-stats,2021-07-23,3,3
github-stats,2021-07-24,3,3
github-stats,2021-07-25,2,2
github-stats,2021-07-26,2,2
github-stats,2021-07-27,2,2
github-stats,2021-07-28,2,2
github-stats,2021-07-29,2,2
github-stats,2021-07-30,2,2
github-stats,2021-07-31,2,2
github-stats,2021-08-01,3,3
github-stats,2021-08-02,2,2
github-stats,2021-08-03,2,2
github-stats,2021-08-04,2,2
github-stats,2021-08-05,2,2
github-stats,2021-08-06,2,2
github-stats,2021-08-07,4,4
github-stats,2021-08-08,3,3
github-stats,2021-08-09,2,2
github-stats,2021-08-10,2,2
github-stats,2021-08-11,4,3
github-stats,2021-08-12,2,2
github-stats,2021-08-13,2,2
github-stats,2021-08-14,2,2
github-stats,2021-08-15,3,3
github-stats,2021-08-16,2,2
github-stats,2021-08-17,3,3
github-stats,2021-08-18,2,2
github-stats,2021-08-19,2,2
github-stats,2021-08-20,2,2
github-stats,2021-08-21,2,2
github-stats,2021-08-22,3,3
github-stats,2021-08-23,2,2
github-stats,2021-08-24,2,2
github-stats,2021-08-25,2,2
github-stats,2021-08-26,2,2
github-stats,2021-08-27,2,2
github-stats,2021-08-28,3,3
github-stats,2021-08-29,2,2
github-stats,2021-08-30,2,2
github-stats,2021-08-31,2,2
github-stats-pages,2021-02-10,1,1
github-stats-pages,2021-02-20,3,1
github-stats-pages,2021-02-21,22,5
github-stats-pages,2021-02-26,4,2
github-stats-pages,2021-02-27,32,4
github-stats-pages,2021-02-28,20,2
github-stats-pages,2021-03-01,3,3
github-stats-pages,2021-03-03,11,3
github-stats-pages,2021-03-04,8,3
github-stats-pages,2021-03-05,5,3
github-stats-pages,2021-03-06,1,1
github-stats-pages,2021-03-09,40,4
github-stats-pages,2021-03-10,7,2
github-stats-pages,2021-03-12,16,3
github-stats-pages,2021-03-13,14,3
github-stats-pages,2021-03-14,39,5
github-stats-pages,2021-03-16,7,2
github-stats-pages,2021-03-17,16,5
github-stats-pages,2021-03-18,37,2
github-stats-pages,2021-03-19,14,3
github-stats-pages,2021-03-20,36,4
github-stats-pages,2021-03-21,16,4
github-stats-pages,2021-03-22,19,5
github-stats-pages,2021-03-24,50,5
github-stats-pages,2021-03-28,5,2
github-stats-pages,2021-03-29,13,2
github-stats-pages,2021-03-31,4,2
github-stats-pages,2021-04-01,9,3
github-stats-pages,2021-04-02,37,4
github-stats-pages,2021-04-03,1,1
github-stats-pages,2021-04-04,33,2
github-stats-pages,2021-04-05,1,1
github-stats-pages,2021-04-09,27,3
github-stats-pages,2021-04-11,35,3
github-stats-pages,2021-04-12,1,1
github-stats-pages,2021-04-13,1,1
github-stats-pages,2021-04-14,6,3
github-stats-pages,2021-04-15,1,1
github-stats-pages,2021-04-16,18,2
github-stats-pages,2021-04-17,1,1
github-stats-pages,2021-04-21,9,2
github-stats-pages,2021-04-22,24,4
github-stats-pages,2021-04-23,3,3
github-stats-pages,2021-04-25,22,4
github-stats-pages,2021-04-26,11,2
github-stats-pages,2021-04-27,39,3
github-stats-pages,2021-04-28,25,5
github-stats-pages,2021-04-29,32,4
github-stats-pages,2021-04-30,23,5
github-stats-pages,2021-05-01,3,3
github-stats-pages,2021-05-02,46,8
github-stats-pages,2021-05-07,1,1
github-stats-pages,2021-05-09,1,1
github-stats-pages,2021-05-11,4,1
github-stats-pages,2021-05-12,35,4
github-stats-pages,2021-05-13,24,5
github-stats-pages,2021-05-14,1,1
github-stats-pages,2021-05-21,1,1
github-stats-pages,2021-05-28,1,1
github-stats-pages,2021-06-01,2,2
github-stats-pages,2021-06-04,4,4
github-stats-pages,2021-06-08,1,1
github-stats-pages,2021-06-11,1,1
github-stats-pages,2021-06-18,2,2
github-stats-pages,2021-06-19,1,1
github-stats-pages,2021-06-20,1,1
github-stats-pages,2021-06-21,27,2
github-stats-pages,2021-06-22,25,5
github-stats-pages,2021-06-25,2,2
github-stats-pages,2021-06-27,41,3
github-stats-pages,2021-07-01,1,1
github-stats-pages,2021-07-02,2,2
github-stats-pages,2021-07-03,1,1
github-stats-pages,2021-07-06,27,3
github-stats-pages,2021-07-09,3,3
github-stats-pages,2021-07-10,1,1
github-stats-pages,2021-07-14,1,1
github-stats-pages,2021-07-16,1,1
github-stats-pages,2021-07-23,1,1
github-stats-pages,2021-07-30,1,1
github-stats-pages,2021-08-06,2,2
github-stats-pages,2021-08-12,12,2
github-stats-pages,2021-08-13,1,1
github-stats-pages,2021-08-14,24,3
github-stats-pages,2021-08-20,1,1
github-stats-pages,2021-08-26,13,2
github-stats-pages,2021-08-27,4,4
github-stats-pages,2021-08-28,33,2
manifests_with_flux,2021-02-27,1,1
manifests_with_flux,2021-03-13,1,1
manifests_with_flux,2021-05-07,1,1
manifests_with_flux,2021-07-06,1,1
manifests_with_flux,2021-08-16,1,1
overleaf_github_demo,2021-05-15,1,1
overleaf_github_demo,2021-07-16,1,1
simplenodeapp,2021-03-05,1,1
simplenodeapp,2021-05-22,1,1
simplenodeapp,2021-06-09,1,1
simplenodeapp,2021-07-22,1,1
site-hugo-academic,2021-03-13,1,1
site-hugo-academic,2021-03-25,1,1
site-hugo-academic,2021-03-26,1,1
site-hugo-academic,2021-04-02,1,1
site-hugo-academic,2021-04-12,1,1
site-hugo-academic,2021-05-02,4,4
site-hugo-academic,2021-05-14,1,1
site-hugo-academic,2021-06-05,1,1
site-hugo-academic,2021-06-14,1,1
site-hugo-academic,2021-06-15,1,1
site-hugo-academic,2021-06-20,1,1
site-hugo-academic,2021-06-23,1,1
site-hugo-academic,2021-06-24,1,1
site-hugo-academic,2021-07-07,3,3
site-hugo-academic,2021-07-11,3,3
site-hugo-academic,2021-07-12,2,2
site-hugo-academic,2021-07-15,1,1
site-hugo-academic,2021-08-03,2,2
site-hugo-academic,2021-08-06,2,2
site-hugo-academic,2021-08-28,2,2
site-hugo-academic,2021-08-29,6,3
test-github-stats,2021-04-03,4,2
test-github-stats,2021-04-04,1,1
test-github-stats,2021-04-05,1,1
test-github-stats,2021-04-06,1,1
test-github-stats,2021-04-07,4,3
test-github-stats,2021-04-08,1,1
test-github-stats,2021-04-09,2,2
test-github-stats,2021-04-10,4,4
test-github-stats,2021-04-11,2,2
test-github-stats,2021-04-12,1,1
test-github-stats,2021-04-13,2,2
test-github-stats,2021-04-14,4,4
test-github-stats,2021-04-15,5,5
test-github-stats,2021-04-16,3,3
test-github-stats,2021-04-17,2,2
test-github-stats,2021-04-18,3,3
test-github-stats,2021-04-19,2,2
test-github-stats,2021-04-20,3,3
test-github-stats,2021-04-21,14,8
test-github-stats,2021-04-22,3,3
test-github-stats,2021-04-23,7,6
test-github-stats,2021-04-24,4,4
test-github-stats,2021-04-25,4,4
test-github-stats,2021-04-26,4,4
test-github-stats,2021-04-27,3,3
test-github-stats,2021-04-28,2,2
test-github-stats,2021-04-29,2,2
test-github-stats,2021-04-30,4,4
test-github-stats,2021-05-01,5,5
test-github-stats,2021-05-02,5,5
test-github-stats,2021-05-03,6,6
test-github-stats,2021-05-04,4,4
test-github-stats,2021-05-05,3,3
test-github-stats,2021-05-06,4,4
test-github-stats,2021-05-07,2,2
test-github-stats,2021-05-08,3,3
test-github-stats,2021-05-09,4,4
test-github-stats,2021-05-10,3,3
test-github-stats,2021-05-11,2,2
test-github-stats,2021-05-12,2,2
test-github-stats,2021-05-13,12,8
test-github-stats,2021-05-14,5,5
test-github-stats,2021-05-15,4,4
test-github-stats,2021-05-16,3,3
test-github-stats,2021-05-17,4,4
test-github-stats,2021-05-18,3,3
test-github-stats,2021-05-19,4,4
test-github-stats,2021-05-20,3,3
test-github-stats,2021-05-21,4,4
test-github-stats,2021-05-22,6,6
test-github-stats,2021-05-23,4,4
test-github-stats,2021-05-24,4,4
test-github-stats,2021-05-25,2,2
test-github-stats,2021-05-26,3,3
test-github-stats,2021-05-27,6,6
test-github-stats,2021-05-28,5,4
test-github-stats,2021-05-29,3,3
test-github-stats,2021-05-30,5,5
test-github-stats,2021-05-31,4,4
test-github-stats,2021-06-01,3,3
test-github-stats,2021-06-02,4,4
test-github-stats,2021-06-03,4,4
test-github-stats,2021-06-04,3,3
test-github-stats,2021-06-05,4,4
test-github-stats,2021-06-06,2,2
test-github-stats,2021-06-07,2,2
test-github-stats,2021-06-08,4,4
test-github-stats,2021-06-09,3,3
test-github-stats,2021-06-10,2,2
test-github-stats,2021-06-11,7,5
test-github-stats,2021-06-12,3,3
test-github-stats,2021-06-13,2,2
test-github-stats,2021-06-14,1,1
test-github-stats,2021-06-15,1,1
test-github-stats,2021-06-16,1,1
test-github-stats,2021-06-17,1,1
test-github-stats,2021-06-18,2,2
test-github-stats,2021-06-19,1,1
test-github-stats,2021-06-20,2,2
test-github-stats,2021-06-21,1,1
test-github-stats,2021-06-22,7,6
test-github-stats,2021-06-23,2,2
test-github-stats,2021-06-24,4,4
test-github-stats,2021-06-25,4,4
test-github-stats,2021-06-26,4,4
test-github-stats,2021-06-27,3,3
test-github-stats,2021-06-28,2,2
test-github-stats,2021-06-29,4,4
test-github-stats,2021-06-30,3,3
test-github-stats,2021-07-01,3,3
test-github-stats,2021-07-02,2,2
test-github-stats,2021-07-03,3,3
test-github-stats,2021-07-04,3,3
test-github-stats,2021-07-05,5,5
test-github-stats,2021-07-06,3,3
test-github-stats,2021-07-07,2,2
test-github-stats,2021-07-08,3,3
test-github-stats,2021-07-09,5,5
test-github-stats,2021-07-10,4,4
test-github-stats,2021-07-11,4,4
test-github-stats,2021-07-12,5,5
test-github-stats,2021-07-13,2,2
test-github-stats,2021-07-14,4,4
test-github-stats,2021-07-15,3,3
test-github-stats,2021-07-16,3,3
test-github-stats,2021-07-17,3,3
test-github-stats,2021-07-18,4,4
test-github-stats,2021-07-19,4,4
test-github-stats,2021-07-20,2,2
test-github-stats,2021-07-21,3,3
test-github-stats,2021-07-22,2,2
test-github-stats,2021-07-23,4,4
test-github-stats,2021-07-24,5,5
test-github-stats,2021-07-25,3,3
test-github-stats,2021-07-26,4,4
test-github-stats,2021-07-27,2,2
test-github-stats,2021-07-28,3,3
test-github-stats,2021-07-29,3,3
test-github-stats,2021-07-30,2,2
test-github-stats,2021-07-31,4,4
test-github-stats,2021-08-01,5,5
test-github-stats,2021-08-02,3,3
test-github-stats,2021-08-03,3,3
test-github-stats,2021-08-04,2,2
test-github-stats,2021-08-05,5,5
test-github-stats,2021-08-06,3,3
test-github-stats,2021-08-07,4,4
test-github-stats,2021-08-08,3,3
test-github-stats,2021-08-09,3,3
test-github-stats,2021-08-10,3,3
test-github-stats,2021-08-11,7,5
test-github-stats,2021-08-12,2,2
test-github-stats,2021-08-13,3,3
test-github-stats,2021-08-14,5,4
test-github-stats,2021-08-15,4,4
test-github-stats,2021-08-16,3,3
test-github-stats,2021-08-17,2,2
test-github-stats,2021-08-18,5,5
test-github-stats,2021-08-19,4,3
test-github-stats,2021-08-20,2,2
test-github-stats,2021-08-21,4,4
test-github-stats,2021-08-22,4,4
test-github-stats,2021-08-23,2,2
test-github-stats,2021-08-24,6,6
test-github-stats,2021-08-25,2,2
test-github-stats,2021-08-26,2,2
test-github-stats,2021-08-27,5,5
test-github-stats,2021-08-28,3,3
test-github-stats,2021-08-29,2,2
test-github-stats,2021-08-30,3,3
test-github-stats,2021-08-31,3,3
test-stats,2021-04-23,9,6
test-stats,2021-04-24,5,5
test-stats,2021-05-13,7,7
test-stats,2021-05-22,1,1
test-stats,2021-06-05,1,1
test-stats,2021-06-20,1,1
uarizona-salary-app,2021-05-13,2,2
uarizona-salary-app,2021-05-14,6,5
uarizona-salary-app,2021-05-15,1,1
uarizona-salary-app,2021-05-16,27,18
uarizona-salary-app,2021-05-17,8,8
uarizona-salary-app,2021-05-18,5,5
uarizona-salary-app,2021-05-19,3,3
uarizona-salary-app,2021-05-20,18,13
uarizona-salary-app,2021-05-21,12,10
uarizona-salary-app,2021-05-22,1,1
uarizona-salary-app,2021-05-29,2,2
uarizona-salary-app,2021-05-30,1,1
uarizona-salary-app,2021-05-31,11,7
uarizona-salary-app,2021-06-02,5,5
uarizona-salary-app,2021-06-03,7,5
uarizona-salary-app,2021-06-04,10,7
uarizona-salary-app,2021-06-05,1,1
uarizona-salary-app,2021-06-06,4,3
uarizona-salary-app,2021-06-07,4,3
uarizona-salary-app,2021-06-08,1,1
uarizona-salary-app,2021-06-09,3,3
uarizona-salary-app,2021-06-10,1,1
uarizona-salary-app,2021-06-11,5,4
uarizona-salary-app,2021-06-18,1,1
uarizona-salary-app,2021-06-19,8,5
uarizona-salary-app,2021-06-20,10,4
uarizona-salary-app,2021-06-21,4,3
uarizona-salary-app,2021-06-22,11,6
uarizona-salary-app,2021-06-25,2,2
uarizona-salary-app,2021-06-26,1,1
uarizona-salary-app,2021-06-27,1,1
uarizona-salary-app,2021-07-01,1,1
uarizona-salary-app,2021-07-16,8,4
uarizona-salary-app,2021-07-17,6,3
uarizona-salary-app,2021-07-18,10,6
uarizona-salary-app,2021-07-21,1,1
uarizona-salary-app,2021-07-24,1,1
uarizona-salary-app,2021-07-25,1,1
uarizona-salary-app,2021-08-08,1,1
uarizona-salary-app,2021-08-15,7,5
uarizona-salary-app,2021-08-16,5,4
uarizona-salary-app,2021-08-24,2,2
uarizona-salary-app,2021-08-25,1,1
uarizona-salary-app,2021-08-26,1,1
uarizona-salary-app,2021-08-27,1,1
uarizona-salary-app,2021-08-31,1,1
voxcharta-my-voting-record,2021-01-04,2,2
voxcharta-my-voting-record,2021-01-07,1,1
voxcharta-my-voting-record,2021-01-12,1,1
voxcharta-my-voting-record,2021-01-14,5,4
voxcharta-my-voting-record,2021-01-19,1,1
voxcharta-my-voting-record,2021-02-13,1,1
voxcharta-my-voting-record,2021-02-19,1,1
voxcharta-my-voting-record,2021-03-06,1,1
voxcharta-my-voting-record,2021-05-09,1,1
voxcharta-my-voting-record,2021-05-10,1,1
voxcharta-my-voting-record,2021-05-29,1,1
voxcharta-my-voting-record,2021-06-23,1,1
voxcharta-my-voting-record,2021-07-10,1,1
voxcharta-my-voting-record,2021-07-12,1,1
voxcharta-my-voting-record,2021-08-02,1,1
voxcharta-my-voting-record,2021-08-28,1,1
